{"saved_microphone_training":{"forward":[[[-4.476004600524902,-4.475979328155518,-4.475904941558838,-4.475781440734863,-4.47560977935791,-4.4753899574279785,-4.475122928619385,-4.474811553955078,-4.474455833435059,-4.474057674407959,-4.473618984222412,-4.473142623901367,-4.472629070281982,-4.472082614898682,-4.471503734588623,-4.4708967208862305,-4.4702630043029785,-4.469605445861816,-4.46892786026001,-4.468231201171875,-4.467519760131836,-4.466795921325684,-4.466062068939209,-4.465322017669678,-4.4645771980285645,-4.463830471038818,-4.463085651397705,-4.462344169616699,-4.461607456207275,-4.460880279541016,-4.460163116455078,-4.459458351135254,-4.45876932144165,-4.458095073699951,-4.45743989944458,-4.4568047523498535,-4.456189155578613,-4.455596446990967,-4.4550275802612305,-4.4544830322265625,-4.453963756561279,-4.4534711837768555,-4.453003883361816]]],"_background_noise_":[[[-0.8791086077690125,-0.8684088587760925,-0.840146541595459,-0.8043054342269897,-0.7730160355567932,-0.7558202147483826,-0.7558850646018982,-0.7679123878479004,-0.779465913772583,-0.7787638306617737,-0.765340268611908,-0.7507017254829407,-0.7471593618392944,-0.7574533820152283,-0.7723757028579712,-0.7778358459472656,-0.7690882086753845,-0.7578176856040955,-0.7632747292518616,-0.80075603723526,-0.8776623010635376,-0.9940246939659119,-1.1434019804000854,-1.3139067888259888,-1.4912337064743042,-1.663367748260498,-1.8214755058288574,-1.9552425146102905,-2.053736686706543,-2.114902973175049,-2.141227960586548,-2.120094060897827,-2.031459093093872,-1.8870314359664917,-1.72752046585083,-1.585605502128601,-1.4751096963882446,-1.39785635471344,-1.3490036725997925,-1.317987084388733,-1.2883182764053345,-1.242456078529358,-1.1743559837341309],[-2.777071475982666,-2.5162887573242188,-2.1829774379730225,-1.9739114046096802,-1.868780255317688,-1.838944911956787,-1.855485200881958,-1.8792922496795654,-1.8596714735031128,-1.7608129978179932,-1.5936342477798462,-1.3978663682937622,-1.2067680358886719,-1.037859559059143,-0.8978978991508484,-0.7885836362838745,-0.710335373878479,-0.6642978191375732,-0.6528167724609375,-0.6787727475166321,-0.7440836429595947,-0.8474180102348328,-0.9809648990631104,-1.1279528141021729,-1.2678302526474,-1.393905758857727,-1.525147557258606,-1.6946752071380615,-1.935167908668518,-2.273960828781128,-2.677414894104004,-2.750596284866333,-2.4228641986846924,-2.123530864715576,-1.9134060144424438,-1.7774720191955566,-1.6963603496551514,-1.6394398212432861,-1.5647062063217163,-1.4495221376419067,-1.3161861896514893,-1.203529715538025,-1.136686086654663]]]},"html":"Train%20by%20adding%20a%20few%20examples%20of%20each.%20Then%20test%20in%20this%20tab%20and%20then%20return%20to%20Snap!%20to%20use%20this%20in%20a%20program.","labels":["_background_noise_","forward"]}