{"input":[[8,5],[7,4],[1,3],[9,2],[4,10],[4,10],[1,5],[3,6],[2,7],[5,7]],"output":[9.433981132056603,8.06225774829855,3.1622776601683795,9.219544457292887,10.770329614269007,10.770329614269007,5.0990195135927845,6.708203932499369,7.280109889280518,8.602325267042627]}